train_loss,lr,epoch,val_loss,macro_f1,top1,ece,seconds
0.846606840356821,9.75609756097561e-05,1,0.3407766001713477,0.8463547620975903,0.8811768066266781,0.01261481572595029,70.03853892799998
0.3882683484201751,9.8119214912082e-05,2,0.2639949111955842,0.8883971343301791,0.9174521565267066,0.020122475153992042,68.8440382179997
0.27860278218257717,9.234282659572196e-05,3,0.21570007848215253,0.9056647112816846,0.9291630962582119,0.013395814763911718,67.97094834000018
0.22723923663313433,8.320122999402142e-05,4,0.16022524593455967,0.931021672011927,0.9480148528991716,0.00883484121660854,68.36589656900105
0.18409273306634732,7.1323624154721e-05,5,0.25924399236769924,0.8997854178800142,0.9203084832904884,0.023538743267519587,68.15988801200001
0.1598176375122332,5.7718505102880906e-05,6,0.1317643552807885,0.9445558482976336,0.9585832619251642,0.006705079000181353,67.90276701400035
0.13328086609793147,4.348807867132274e-05,7,0.1224980597022226,0.9537066688833951,0.964581548129106,0.009264323704928084,67.63421256999936
0.09731487025756662,2.97852093779267e-05,8,0.09727326652337843,0.9611364179895665,0.9688660382747787,0.008490253516921663,67.75699446599901
0.07523030428806456,1.772002219874209e-05,9,0.13469783129887183,0.949325897907603,0.9597257926306769,0.01595235747958984,67.52346396299981
0.05402886534745737,8.269966844595496e-06,10,0.11708931940597352,0.9602769471267101,0.967723507569266,0.013631275608592223,67.70746405299906
0.04534213970665161,2.200630598636627e-06,11,0.09529264961411632,0.967177947042097,0.9740074264495858,0.01062957123109801,67.65445491599894
0.04000896861685849,3.7149877805786602e-09,12,0.09351003812096632,0.9682739894573218,0.9751499571550986,0.00955344420521755,67.57068950699977
