exp_id,p50,p95,p99,mean,n,gpu,dtype,batch,img_size,K,images_per_s,torch,preprocessing,scope,warmup,timm
B01,5.544010499988872,7.266447850042823,8.414891610143513,6.019156680004016,100,Tesla T4,fp32,1,224,1,180.37483875652964,2.11.0+cu128,False,forward; aggregation excluded,10,1.0.29
B02,7.287464000000909,7.889832449950518,8.367803540163555,7.399035720000029,100,Tesla T4,fp32,1,224,1,137.22194716843543,2.11.0+cu128,False,forward; aggregation excluded,10,1.0.29
B03,5.324631999883422,9.365119550068357,9.415016839977852,5.889580069988369,100,Tesla T4,fp32,1,224,1,187.80640615574822,2.11.0+cu128,False,forward; aggregation excluded,10,1.0.29
B04,4.547677000005024,5.1018707500361415,5.755179080008476,4.623671969993666,100,Tesla T4,fp32,1,224,1,219.8924857677657,2.11.0+cu128,False,forward; aggregation excluded,10,1.0.29
B05,7.5679089999312055,8.328551000113293,10.426326249883006,7.669822499995007,100,Tesla T4,fp32,1,224,1,132.13689541048794,2.11.0+cu128,False,forward; aggregation excluded,10,1.0.29
I00,113.05249450003885,114.48020499997256,117.95417062001435,113.05881428000475,100,Tesla T4,fp32,32,224,1,283.05434693428197,2.11.0+cu128,False,forward; aggregation excluded,10,1.0.29
I01_hflip_prob,232.85348349998003,237.327280750128,238.81164524986843,232.64910328998897,100,Tesla T4,fp32,32,224,2,137.42547252896367,2.11.0+cu128,False,forward; aggregation excluded,10,1.0.29
I02_hflip_logit,242.5679335000268,246.5298515500308,247.42686277009173,242.08079135000386,100,Tesla T4,fp32,32,224,2,131.92180655649796,2.11.0+cu128,False,forward; aggregation excluded,10,1.0.29
I03_temperature,124.19756149995465,126.62718764991041,126.96809861987731,124.12897994001469,100,Tesla T4,fp32,32,224,1,257.6540119913038,2.11.0+cu128,False,forward; aggregation excluded,10,1.0.29
I04_fused,128.24395400002686,130.6937271501738,131.65863544999183,128.3547209500125,100,Tesla T4,fp32,32,224,1,249.52443372101033,2.11.0+cu128,False,forward; aggregation excluded,10,1.0.29
I05_fp16,38.77436899983877,39.07311835010887,39.49135176990467,38.66399782001963,100,Tesla T4,fp16,32,224,1,825.2874469764565,2.11.0+cu128,False,forward; aggregation excluded,10,1.0.29
T03_color,5.459655500089866,9.37577274985415,9.400668609810054,6.173457160034559,100,Tesla T4,fp32,1,224,1,183.16173978074988,2.11.0+cu128,False,forward; aggregation excluded,10,1.0.29
T05_mixup,5.3641929998775595,5.714422000232844,6.217464860169462,5.429632410000522,100,Tesla T4,fp32,1,224,1,186.42133122779614,2.11.0+cu128,False,forward; aggregation excluded,10,1.0.29
T07_focal,5.358528999977352,5.623024449892,6.02490240037696,5.3916936799896575,100,Tesla T4,fp32,1,224,1,186.61837978374783,2.11.0+cu128,False,forward; aggregation excluded,10,1.0.29
