class,precision_mean,precision_std,recall_mean,recall_std,f1_mean,f1_std,support
Chinee apple,0.9616044616044616,0.0082992458696495,0.957227138643068,0.0142236736887801,0.9593264822340314,0.0037464672665518,226
Lantana,0.9431244650492984,0.0134578936871404,0.9827856025039124,0.0071714799608072,0.9624776944063608,0.0044856044201393,213
Parkinsonia,0.97911999004232,0.0072829495734812,0.9806763285024156,0.0048309178743961,0.9798924511605746,0.0055413926250356,207
Parthenium,0.9901468268414028,0.0048302426518632,0.9772357723577236,0.0074513425934241,0.983627698345949,0.0028866111354063,205
Prickly acacia,0.937308201058201,0.0111852742703174,0.9812206572769954,1.3597399555105182e-16,0.95873920211375,0.0058350948515424,213
Rubber vine,0.980246550498738,0.0048527700319253,0.9818481848184818,0.0028581696494535,0.9810413667044492,0.0028266763010112,202
Siam weed,0.9712970827924196,0.019840568873239,0.9829457364341088,0.0096821674393773,0.9769408938710736,0.0057635607815312,215
Snake weed,0.9535058663348892,0.0235798063178589,0.9591503267973857,0.0123363307765862,0.9560959608900887,0.0057024241611441,204
Negative,0.9909467760220928,0.0025736047116536,0.9800585437248444,0.0036544062121182,0.9854660410820184,0.0006180904779088,1822
