exp_id,backbone,seed,best_epoch,macro_f1,top1,params_m,gmacs,train_seconds,seconds_per_epoch,checkpoint,reused_from
T00,convnext_tiny,0,11,0.9649114427775474,0.9740074264495858,27.827049,4.454808576,865.8175909850002,69.91047063666663,runs/T00/seed0/best.pt,runs/B03/seed0
T01_scratch,convnext_tiny,0,12,0.29528929687480265,0.5518423307626392,27.827049,4.454808576,1013.758011691,82.22947092883335,runs/T01_scratch/seed0/best.pt,
T02_frozen,convnext_tiny,0,11,0.8505825986132742,0.8811768066266781,27.827049,4.454808576,543.374901123,43.24605209683335,runs/T02_frozen/seed0/best.pt,
T03_color,convnext_tiny,0,10,0.9683336741213994,0.976006855184233,27.827049,4.454808576,944.1434988380001,76.299463629,runs/T03_color/seed0/best.pt,
T04_cutmix,convnext_tiny,0,10,0.9670663056647538,0.9740074264495858,27.827049,4.454808576,858.0245900609998,69.21918449266666,runs/T04_cutmix/seed0/best.pt,
T05_mixup,convnext_tiny,0,10,0.9694901764483236,0.9768637532133676,27.827049,4.454808576,863.6106057550005,69.69022420874983,runs/T05_mixup/seed0/best.pt,
T06_ls,convnext_tiny,0,11,0.971209485039089,0.9785775492716366,27.827049,4.454808576,852.3042381770001,68.7327196293332,runs/T06_ls/seed0/best.pt,
T07_focal,convnext_tiny,0,10,0.9690111793152423,0.9765781205369894,27.827049,4.454808576,838.3647462479994,67.64011131941668,runs/T07_focal/seed0/best.pt,
T08_weighted,convnext_tiny,0,11,0.9631844087600769,0.9705798343330477,27.827049,4.454808576,842.9564407930002,67.93069345291678,runs/T08_weighted/seed0/best.pt,
T09_ema,convnext_tiny,0,10,0.967071669240107,0.9751499571550986,27.827049,4.454808576,853.1729400929989,68.68312701258326,runs/T09_ema/seed0/best.pt,
T10_combined,convnext_tiny,0,12,0.9654754210657042,0.9717223650385605,27.827049,4.454808576,928.716191689,74.98637858941674,runs/T10_combined/seed0/best.pt,
